CIGAR,0,6/19/2021
REBUT,1,6/20/2021
SISSY,2,6/21/2021
HUMPH,3,6/22/2021
AWAKE,4,6/23/2021
BLUSH,5,6/24/2021
FOCAL,6,6/25/2021
EVADE,7,6/26/2021
NAVAL,8,6/27/2021
SERVE,9,6/28/2021
HEATH,10,6/29/2021
DWARF,11,6/30/2021
MODEL,12,7/1/2021
KARMA,13,7/2/2021
STINK,14,7/3/2021
GRADE,15,7/4/2021
QUIET,16,7/5/2021
BENCH,17,7/6/2021
ABATE,18,7/7/2021
FEIGN,19,7/8/2021
MAJOR,20,7/9/2021
DEATH,21,7/10/2021
FRESH,22,7/11/2021
CRUST,23,7/12/2021
STOOL,24,7/13/2021
COLON,25,7/14/2021
ABASE,26,7/15/2021
MARRY,27,7/16/2021
REACT,28,7/17/2021
BATTY,29,7/18/2021
PRIDE,30,7/19/2021
FLOSS,31,7/20/2021
HELIX,32,7/21/2021
CROAK,33,7/22/2021
STAFF,34,7/23/2021
PAPER,35,7/24/2021
UNFED,36,7/25/2021
WHELP,37,7/26/2021
TRAWL,38,7/27/2021
OUTDO,39,7/28/2021
ADOBE,40,7/29/2021
CRAZY,41,7/30/2021
SOWER,42,7/31/2021
REPAY,43,8/1/2021
DIGIT,44,8/2/2021
CRATE,45,8/3/2021
CLUCK,46,8/4/2021
SPIKE,47,8/5/2021
MIMIC,48,8/6/2021
POUND,49,8/7/2021
MAXIM,50,8/8/2021
LINEN,51,8/9/2021
UNMET,52,8/10/2021
FLESH,53,8/11/2021
BOOBY,54,8/12/2021
FORTH,55,8/13/2021
FIRST,56,8/14/2021
STAND,57,8/15/2021
BELLY,58,8/16/2021
IVORY,59,8/17/2021
SEEDY,60,8/18/2021
PRINT,61,8/19/2021
YEARN,62,8/20/2021
DRAIN,63,8/21/2021
BRIBE,64,8/22/2021
STOUT,65,8/23/2021
PANEL,66,8/24/2021
CRASS,67,8/25/2021
FLUME,68,8/26/2021
OFFAL,69,8/27/2021
AGREE,70,8/28/2021
ERROR,71,8/29/2021
SWIRL,72,8/30/2021
ARGUE,73,8/31/2021
BLEED,74,9/1/2021
DELTA,75,9/2/2021
FLICK,76,9/3/2021
TOTEM,77,9/4/2021
WOOER,78,9/5/2021
FRONT,79,9/6/2021
SHRUB,80,9/7/2021
PARRY,81,9/8/2021
BIOME,82,9/9/2021
LAPEL,83,9/10/2021
START,84,9/11/2021
GREET,85,9/12/2021
GONER,86,9/13/2021
GOLEM,87,9/14/2021
LUSTY,88,9/15/2021
LOOPY,89,9/16/2021
ROUND,90,9/17/2021
AUDIT,91,9/18/2021
LYING,92,9/19/2021
GAMMA,93,9/20/2021
LABOR,94,9/21/2021
ISLET,95,9/22/2021
CIVIC,96,9/23/2021
FORGE,97,9/24/2021
CORNY,98,9/25/2021
MOULT,99,9/26/2021
BASIC,100,9/27/2021
SALAD,101,9/28/2021
AGATE,102,9/29/2021
SPICY,103,9/30/2021
SPRAY,104,10/1/2021
ESSAY,105,10/2/2021
FJORD,106,10/3/2021
SPEND,107,10/4/2021
KEBAB,108,10/5/2021
GUILD,109,10/6/2021
ABACK,110,10/7/2021
MOTOR,111,10/8/2021
ALONE,112,10/9/2021
HATCH,113,10/10/2021
HYPER,114,10/11/2021
THUMB,115,10/12/2021
DOWRY,116,10/13/2021
OUGHT,117,10/14/2021
BELCH,118,10/15/2021
DUTCH,119,10/16/2021
PILOT,120,10/17/2021
TWEED,121,10/18/2021
COMET,122,10/19/2021
JAUNT,123,10/20/2021
ENEMA,124,10/21/2021
STEED,125,10/22/2021
ABYSS,126,10/23/2021
GROWL,127,10/24/2021
FLING,128,10/25/2021
DOZEN,129,10/26/2021
BOOZY,130,10/27/2021
ERODE,131,10/28/2021
WORLD,132,10/29/2021
GOUGE,133,10/30/2021
CLICK,134,10/31/2021
BRIAR,135,11/1/2021
GREAT,136,11/2/2021
ALTAR,137,11/3/2021
PULPY,138,11/4/2021
BLURT,139,11/5/2021
COAST,140,11/6/2021
DUCHY,141,11/7/2021
GROIN,142,11/8/2021
FIXER,143,11/9/2021
GROUP,144,11/10/2021
ROGUE,145,11/11/2021
BADLY,146,11/12/2021
SMART,147,11/13/2021
PITHY,148,11/14/2021
GAUDY,149,11/15/2021
CHILL,150,11/16/2021
HERON,151,11/17/2021
VODKA,152,11/18/2021
FINER,153,11/19/2021
SURER,154,11/20/2021
RADIO,155,11/21/2021
ROUGE,156,11/22/2021
PERCH,157,11/23/2021
RETCH,158,11/24/2021
WROTE,159,11/25/2021
CLOCK,160,11/26/2021
TILDE,161,11/27/2021
STORE,162,11/28/2021
PROVE,163,11/29/2021
BRING,164,11/30/2021
SOLVE,165,12/1/2021
CHEAT,166,12/2/2021
GRIME,167,12/3/2021
EXULT,168,12/4/2021
USHER,169,12/5/2021
EPOCH,170,12/6/2021
TRIAD,171,12/7/2021
BREAK,172,12/8/2021
RHINO,173,12/9/2021
VIRAL,174,12/10/2021
CONIC,175,12/11/2021
MASSE,176,12/12/2021
SONIC,177,12/13/2021
VITAL,178,12/14/2021
TRACE,179,12/15/2021
USING,180,12/16/2021
PEACH,181,12/17/2021
CHAMP,182,12/18/2021
BATON,183,12/19/2021
BRAKE,184,12/20/2021
PLUCK,185,12/21/2021
CRAZE,186,12/22/2021
GRIPE,187,12/23/2021
WEARY,188,12/24/2021
PICKY,189,12/25/2021
ACUTE,190,12/26/2021
FERRY,191,12/27/2021
ASIDE,192,12/28/2021
TAPIR,193,12/29/2021
TROLL,194,12/30/2021
UNIFY,195,12/31/2021
REBUS,196,1/1/2022
BOOST,197,1/2/2022
TRUSS,198,1/3/2022
SIEGE,199,1/4/2022
TIGER,200,1/5/2022
BANAL,201,1/6/2022
SLUMP,202,1/7/2022
CRANK,203,1/8/2022
GORGE,204,1/9/2022
QUERY,205,1/10/2022
DRINK,206,1/11/2022
FAVOR,207,1/12/2022
ABBEY,208,1/13/2022
TANGY,209,1/14/2022
PANIC,210,1/15/2022
SOLAR,211,1/16/2022
SHIRE,212,1/17/2022
PROXY,213,1/18/2022
POINT,214,1/19/2022
ROBOT,215,1/20/2022
PRICK,216,1/21/2022
WINCE,217,1/22/2022
CRIMP,218,1/23/2022
KNOLL,219,1/24/2022
SUGAR,220,1/25/2022
WHACK,221,1/26/2022
MOUNT,222,1/27/2022
PERKY,223,1/28/2022
COULD,224,1/29/2022
WRUNG,225,1/30/2022
LIGHT,226,1/31/2022
THOSE,227,2/1/2022
MOIST,228,2/2/2022
SHARD,229,2/3/2022
PLEAT,230,2/4/2022
ALOFT,231,2/5/2022
SKILL,232,2/6/2022
ELDER,233,2/7/2022
FRAME,234,2/8/2022
HUMOR,235,2/9/2022
PAUSE,236,2/10/2022
ULCER,237,2/11/2022
ULTRA,238,2/12/2022
ROBIN,239,2/13/2022
CYNIC,240,2/14/2022
AGORA,241,2/15/2022
AROMA,241,2/15/2022
CAULK,242,2/16/2022
SHAKE,243,2/17/2022
DODGE,244,2/18/2022
SWILL,245,2/19/2022
TACIT,246,2/20/2022
OTHER,247,2/21/2022
THORN,248,2/22/2022
TROVE,249,2/23/2022
BLOKE,250,2/24/2022
VIVID,251,2/25/2022
SPILL,252,2/26/2022
CHANT,253,2/27/2022
CHOKE,254,2/28/2022
RUPEE,255,3/1/2022
NASTY,256,3/2/2022
MOURN,257,3/3/2022
AHEAD,258,3/4/2022
BRINE,259,3/5/2022
CLOTH,260,3/6/2022
HOARD,261,3/7/2022
SWEET,262,3/8/2022
MONTH,263,3/9/2022
LAPSE,264,3/10/2022
WATCH,265,3/11/2022
TODAY,266,3/12/2022
FOCUS,267,3/13/2022
SMELT,268,3/14/2022
TEASE,269,3/15/2022
CATER,270,3/16/2022
MOVIE,271,3/17/2022
SAUTE,272,3/18/2022
ALLOW,273,3/19/2022
RENEW,274,3/20/2022
THEIR,275,3/21/2022
SLOSH,276,3/22/2022
PURGE,277,3/23/2022
CHEST,278,3/24/2022
DEPOT,279,3/25/2022
EPOXY,280,3/26/2022
NYMPH,281,3/27/2022
FOUND,282,3/28/2022
SHALL,283,3/29/2022
HARRY,284,3/30/2022
STOVE,284,3/30/2022
LOWLY,285,3/31/2022
SNOUT,286,4/1/2022
TROPE,287,4/2/2022
FEWER,288,4/3/2022
SHAWL,289,4/4/2022
NATAL,290,4/5/2022
COMMA,291,4/6/2022
FORAY,292,4/7/2022
SCARE,293,4/8/2022
STAIR,294,4/9/2022
BLACK,295,4/10/2022
SQUAD,296,4/11/2022
ROYAL,297,4/12/2022
CHUNK,298,4/13/2022
MINCE,299,4/14/2022
SHAME,300,4/15/2022
CHEEK,301,4/16/2022
AMPLE,302,4/17/2022
FLAIR,303,4/18/2022
FOYER,304,4/19/2022
CARGO,305,4/20/2022
OXIDE,306,4/21/2022
PLANT,307,4/22/2022
OLIVE,308,4/23/2022
INERT,309,4/24/2022
ASKEW,310,4/25/2022
HEIST,311,4/26/2022
SHOWN,312,4/27/2022
ZESTY,313,4/28/2022
TRASH,314,4/29/2022
LARVA,315,4/30/2022
FORGO,316,5/1/2022
STORY,317,5/2/2022
HAIRY,318,5/3/2022
TRAIN,319,5/4/2022
HOMER,320,5/5/2022
BADGE,321,5/6/2022
MIDST,322,5/7/2022
CANNY,323,5/8/2022
FETUS,324,5/9/2022
SHINE,324,5/9/2022
BUTCH,325,5/10/2022
GECKO,325,5/10/2022
FARCE,326,5/11/2022
SLUNG,327,5/12/2022
TIPSY,328,5/13/2022
METAL,329,5/14/2022
YIELD,330,5/15/2022
DELVE,331,5/16/2022
BEING,332,5/17/2022
SCOUR,333,5/18/2022
GLASS,334,5/19/2022
GAMER,335,5/20/2022
SCRAP,336,5/21/2022
MONEY,337,5/22/2022
HINGE,338,5/23/2022
ALBUM,339,5/24/2022
VOUCH,340,5/25/2022
ASSET,341,5/26/2022
TIARA,342,5/27/2022
CREPT,343,5/28/2022
BAYOU,344,5/29/2022
ATOLL,345,5/30/2022
MANOR,346,5/31/2022
CREAK,347,6/1/2022
SHOWY,348,6/2/2022
PHASE,349,6/3/2022
FROTH,350,6/4/2022
DEPTH,351,6/5/2022
GLOOM,352,6/6/2022
FLOOD,353,6/7/2022
TRAIT,354,6/8/2022
GIRTH,355,6/9/2022
PIETY,356,6/10/2022
GOOSE,357,6/11/2022
FLOAT,358,6/12/2022
DONOR,359,6/13/2022
ATONE,360,6/14/2022
PRIMO,361,6/15/2022
APRON,362,6/16/2022
BLOWN,363,6/17/2022
CACAO,364,6/18/2022
LOSER,365,6/19/2022
INPUT,366,6/20/2022
GLOAT,367,6/21/2022
AWFUL,368,6/22/2022
BRINK,369,6/23/2022
SMITE,370,6/24/2022
BEADY,371,6/25/2022
RUSTY,372,6/26/2022
RETRO,373,6/27/2022
DROLL,374,6/28/2022
GAWKY,375,6/29/2022
HUTCH,376,6/30/2022
PINTO,377,7/1/2022
EGRET,378,7/2/2022
LILAC,379,7/3/2022
SEVER,380,7/4/2022
FIELD,381,7/5/2022
FLUFF,382,7/6/2022
AGAPE,383,7/7/2022
VOICE,384,7/8/2022
STEAD,385,7/9/2022
BERTH,386,7/10/2022
MADAM,387,7/11/2022
NIGHT,388,7/12/2022
BLAND,389,7/13/2022
LIVER,390,7/14/2022
WEDGE,391,7/15/2022
ROOMY,392,7/16/2022
WACKY,393,7/17/2022
FLOCK,394,7/18/2022
ANGRY,395,7/19/2022
TRITE,396,7/20/2022
APHID,397,7/21/2022
TRYST,398,7/22/2022
MIDGE,399,7/23/2022
POWER,400,7/24/2022
ELOPE,401,7/25/2022
CINCH,402,7/26/2022
MOTTO,403,7/27/2022
STOMP,404,7/28/2022
UPSET,405,7/29/2022
BLUFF,406,7/30/2022
CRAMP,407,7/31/2022
QUART,408,8/1/2022
COYLY,409,8/2/2022
YOUTH,410,8/3/2022
RHYME,411,8/4/2022
BUGGY,412,8/5/2022
ALIEN,413,8/6/2022
SMEAR,414,8/7/2022
UNFIT,415,8/8/2022
PATTY,416,8/9/2022
CLING,417,8/10/2022
GLEAN,418,8/11/2022
LABEL,419,8/12/2022
HUNKY,420,8/13/2022
KHAKI,421,8/14/2022
POKER,422,8/15/2022
GRUEL,423,8/16/2022
TWICE,424,8/17/2022
TWANG,425,8/18/2022
SHRUG,426,8/19/2022
TREAT,427,8/20/2022
WASTE,428,8/21/2022
MERIT,429,8/22/2022
WOVEN,430,8/23/2022
NEEDY,431,8/24/2022
CLOWN,432,8/25/2022
IRONY,433,8/26/2022
RUDER,434,8/27/2022
GAUZE,435,8/28/2022
CHIEF,436,8/29/2022
ONSET,437,8/30/2022
PRIZE,438,8/31/2022
FUNGI,439,9/1/2022
CHARM,440,9/2/2022
GULLY,441,9/3/2022
INTER,442,9/4/2022
WHOOP,443,9/5/2022
TAUNT,444,9/6/2022
LEERY,445,9/7/2022
CLASS,446,9/8/2022
THEME,447,9/9/2022
LOFTY,448,9/10/2022
TIBIA,449,9/11/2022
BOOZE,450,9/12/2022
ALPHA,451,9/13/2022
THYME,452,9/14/2022
DOUBT,453,9/15/2022
PARER,454,9/16/2022
CHUTE,455,9/17/2022
STICK,456,9/18/2022
TRICE,457,9/19/2022
ALIKE,458,9/20/2022
RECAP,459,9/21/2022
SAINT,460,9/22/2022
GLORY,461,9/23/2022
GRATE,462,9/24/2022
ADMIT,463,9/25/2022
BRISK,464,9/26/2022
SOGGY,465,9/27/2022
USURP,466,9/28/2022
SCALD,467,9/29/2022
SCORN,468,9/30/2022
LEAVE,469,10/1/2022
TWINE,470,10/2/2022
STING,471,10/3/2022
BOUGH,472,10/4/2022
MARSH,473,10/5/2022
SLOTH,474,10/6/2022
DANDY,475,10/7/2022
VIGOR,476,10/8/2022
HOWDY,477,10/9/2022
ENJOY,478,10/10/2022
VALID,479,10/11/2022
IONIC,480,10/12/2022
EQUAL,481,10/13/2022
FLOOR,482,10/14/2022
CATCH,483,10/15/2022
SPADE,484,10/16/2022
STEIN,485,10/17/2022
EXIST,486,10/18/2022
QUIRK,487,10/19/2022
DENIM,488,10/20/2022
GROVE,489,10/21/2022
SPIEL,490,10/22/2022
MUMMY,491,10/23/2022
FAULT,492,10/24/2022
FOGGY,493,10/25/2022
FLOUT,494,10/26/2022
CARRY,495,10/27/2022
SNEAK,496,10/28/2022
LIBEL,497,10/29/2022
WALTZ,498,10/30/2022
APTLY,499,10/31/2022
PINEY,500,11/1/2022
INEPT,501,11/2/2022
ALOUD,502,11/3/2022
PHOTO,503,11/4/2022
DREAM,504,11/5/2022
STALE,505,11/6/2022
BEGIN,506,11/7/2022
SPELL,507,11/8/2022
RAINY,508,11/9/2022
UNITE,509,11/10/2022
MEDAL,510,11/11/2022
VALET,511,11/12/2022
INANE,512,11/13/2022
MAPLE,513,11/14/2022
SNARL,514,11/15/2022
BAKER,515,11/16/2022
THERE,516,11/17/2022
GLYPH,517,11/18/2022
AVERT,518,11/19/2022
BRAVE,519,11/20/2022
AXIOM,520,11/21/2022
PRIME,521,11/22/2022
DRIVE,522,11/23/2022
FEAST,523,11/24/2022
ITCHY,524,11/25/2022
CLEAN,525,11/26/2022
HAPPY,526,11/27/2022
TEPID,527,11/28/2022
UNDUE,528,11/29/2022
STUDY,529,11/30/2022
EJECT,530,12/1/2022
CHAFE,531,12/2/2022
TORSO,532,12/3/2022
ADORE,533,12/4/2022
WOKEN,534,12/5/2022
AMBER,535,12/6/2022
JOUST,536,12/7/2022
INFER,537,12/8/2022
BRAID,538,12/9/2022
KNOCK,539,12/10/2022
NAIVE,540,12/11/2022
APPLY,541,12/12/2022
SPOKE,542,12/13/2022
USUAL,543,12/14/2022
RIVAL,544,12/15/2022
PROBE,545,12/16/2022
CHORD,546,12/17/2022
TAPER,547,12/18/2022
SLATE,548,12/19/2022
THIRD,549,12/20/2022
LUNAR,550,12/21/2022
EXCEL,551,12/22/2022
AORTA,552,12/23/2022
POISE,553,12/24/2022
EXTRA,554,12/25/2022
JUDGE,555,12/26/2022
CONDO,556,12/27/2022
IMPEL,557,12/28/2022
HAVOC,558,12/29/2022
MOLAR,559,12/30/2022
MANLY,560,12/31/2022
WHINE,561,1/1/2023
SKIRT,562,1/2/2023
ANTIC,563,1/3/2023
LAYER,564,1/4/2023
SLEEK,565,1/5/2023
BELIE,566,1/6/2023
LEMON,567,1/7/2023
OPERA,568,1/8/2023
PIXIE,569,1/9/2023
GRIMY,570,1/10/2023
SEDAN,571,1/11/2023
LEAPT,572,1/12/2023
HUMAN,573,1/13/2023
KOALA,574,1/14/2023
SPIRE,575,1/15/2023
FROCK,576,1/16/2023
ADOPT,577,1/17/2023
CHARD,578,1/18/2023
MUCKY,579,1/19/2023
ALTER,580,1/20/2023
BLURB,581,1/21/2023
MATEY,582,1/22/2023
ELUDE,583,1/23/2023
COUNT,584,1/24/2023
MAIZE,585,1/25/2023
BEEFY,586,1/26/2023
WORRY,587,1/27/2023
FLIRT,588,1/28/2023
FISHY,589,1/29/2023
CRAVE,590,1/30/2023
CROSS,591,1/31/2023
SCOLD,592,2/1/2023
SHIRK,593,2/2/2023
TASTY,594,2/3/2023
UNLIT,595,2/4/2023
DANCE,596,2/5/2023
NINTH,597,2/6/2023
APPLE,598,2/7/2023
FLAIL,599,2/8/2023
STAGE,600,2/9/2023
HEADY,601,2/10/2023
DEBUG,602,2/11/2023
GIANT,603,2/12/2023
USAGE,604,2/13/2023
SOUND,605,2/14/2023
SALSA,606,2/15/2023
MAGIC,607,2/16/2023
CACHE,608,2/17/2023
AVAIL,609,2/18/2023
KIOSK,610,2/19/2023
SWEAT,611,2/20/2023
RUDDY,612,2/21/2023
RIPER,613,2/22/2023
VAGUE,614,2/23/2023
ARBOR,615,2/24/2023
FIFTY,616,2/25/2023
SYRUP,617,2/26/2023
WORSE,618,2/27/2023
POLKA,619,2/28/2023
MOOSE,620,3/1/2023
ABOVE,621,3/2/2023
SQUAT,622,3/3/2023
TREND,623,3/4/2023
TOXIC,624,3/5/2023
PINKY,625,3/6/2023
HORSE,626,3/7/2023
REGAL,627,3/8/2023
WHERE,628,3/9/2023
REVEL,629,3/10/2023
EMAIL,630,3/11/2023
BIRTH,631,3/12/2023
BLAME,632,3/13/2023
SURLY,633,3/14/2023
SWEEP,634,3/15/2023
CIDER,635,3/16/2023
MEALY,636,3/17/2023
YACHT,637,3/18/2023
CREDO,638,3/19/2023
GLOVE,639,3/20/2023
TOUGH,640,3/21/2023
DUVET,641,3/22/2023
STAID,642,3/23/2023
GROUT,643,3/24/2023
VOTER,644,3/25/2023
UNTIE,645,3/26/2023
GUANO,646,3/27/2023
HURRY,647,3/28/2023
BESET,648,3/29/2023
BREAD,649,3/30/2023
EVERY,650,3/31/2023
MARCH,651,4/1/2023
STOCK,652,4/2/2023
FLORA,653,4/3/2023
RATIO,654,4/4/2023
SMASH,655,4/5/2023
LEAFY,656,4/6/2023
LOCUS,657,4/7/2023
LEDGE,658,4/8/2023
SNAFU,659,4/9/2023
UNDER,660,4/10/2023
QUALM,661,4/11/2023
BORAX,662,4/12/2023
CARAT,663,4/13/2023
THIEF,664,4/14/2023
AGONY,665,4/15/2023
DWELT,666,4/16/2023
WHIFF,667,4/17/2023
HOUND,668,4/18/2023
THUMP,669,4/19/2023
PLATE,670,4/20/2023
KAYAK,671,4/21/2023
BROKE,672,4/22/2023
UNZIP,673,4/23/2023
DITTO,674,4/24/2023
JOKER,675,4/25/2023
METRO,676,4/26/2023
LOGIC,677,4/27/2023
CIRCA,678,4/28/2023
CEDAR,679,4/29/2023
PLAZA,680,4/30/2023
RANGE,681,5/1/2023
SULKY,682,5/2/2023
HORDE,683,5/3/2023
GUPPY,684,5/4/2023
BELOW,685,5/5/2023
ANGER,686,5/6/2023
GHOUL,687,5/7/2023
AGLOW,688,5/8/2023
COCOA,689,5/9/2023
ETHIC,690,5/10/2023
BROOM,691,5/11/2023
SNACK,692,5/12/2023
ACRID,693,5/13/2023
SCARF,694,5/14/2023
CANOE,695,5/15/2023
LATTE,696,5/16/2023
PLANK,697,5/17/2023
SHORN,698,5/18/2023
GRIEF,699,5/19/2023
FLASK,700,5/20/2023
BRASH,701,5/21/2023
IGLOO,702,5/22/2023
CLERK,703,5/23/2023
UTTER,704,5/24/2023
BAGEL,705,5/25/2023
SWINE,706,5/26/2023
RAMEN,707,5/27/2023
SKIMP,708,5/28/2023
MOUSE,709,5/29/2023
KNEEL,710,5/30/2023
AGILE,711,5/31/2023
JAZZY,712,6/1/2023
HUMID,713,6/2/2023
NANNY,714,6/3/2023
BEAST,715,6/4/2023
ENNUI,716,6/5/2023
SCOUT,717,6/6/2023
HATER,718,6/7/2023
CRUMB,719,6/8/2023
BALSA,720,6/9/2023
AGAIN,721,6/10/2023
GUARD,722,6/11/2023
WRONG,723,6/12/2023
PLUNK,724,6/13/2023
CRIME,725,6/14/2023
MAYBE,726,6/15/2023
STRAP,727,6/16/2023
RANCH,728,6/17/2023
SHYLY,729,6/18/2023
KAZOO,730,6/19/2023
FROST,731,6/20/2023
CRANE,732,6/21/2023
TASTE,733,6/22/2023
COVET,734,6/23/2023
GRAND,735,6/24/2023
RODEO,736,6/25/2023
GUEST,737,6/26/2023
ABOUT,738,6/27/2023
TRACT,739,6/28/2023
DINER,740,6/29/2023
STRAW,741,6/30/2023
BLEEP,742,7/1/2023
MOSSY,743,7/2/2023
HOTEL,744,7/3/2023
IRATE,745,7/4/2023
VENOM,746,7/5/2023
WINDY,747,7/6/2023
DONUT,748,7/7/2023
COWER,749,7/8/2023
ENTER,750,7/9/2023
FOLLY,751,7/10/2023
EARTH,752,7/11/2023
WHIRL,753,7/12/2023
BARGE,754,7/13/2023
FIEND,755,7/14/2023
CRONE,756,7/15/2023
TOPAZ,757,7/16/2023
DROOP,758,7/17/2023
FLYER,759,7/18/2023
TONIC,760,7/19/2023
FLANK,761,7/20/2023
BURLY,762,7/21/2023
FROZE,763,7/22/2023
WHALE,764,7/23/2023
HOBBY,765,7/24/2023
WHEEL,766,7/25/2023
HEART,767,7/26/2023
DISCO,768,7/27/2023
ETHOS,769,7/28/2023
CURLY,770,7/29/2023
BATHE,771,7/30/2023
STYLE,772,7/31/2023
TENTH,773,8/1/2023
BEGET,774,8/2/2023
PARTY,775,8/3/2023
CHART,776,8/4/2023
ANODE,777,8/5/2023
POLYP,778,8/6/2023
BROOK,779,8/7/2023
BULLY,780,8/8/2023
LOVER,781,8/9/2023
EMPTY,782,8/10/2023
HELLO,783,8/11/2023
QUICK,784,8/12/2023
WRATH,785,8/13/2023
SNAKY,786,8/14/2023
INDEX,787,8/15/2023
SCRUB,788,8/16/2023
AMISS,789,8/17/2023
EXACT,790,8/18/2023
MAGMA,791,8/19/2023
QUEST,792,8/20/2023
BEACH,793,8/21/2023
SPICE,794,8/22/2023
VERVE,795,8/23/2023
WORDY,796,8/24/2023
OCEAN,797,8/25/2023
CHOIR,798,8/26/2023
PEACE,799,8/27/2023
WRITE,800,8/28/2023
CAPER,801,8/29/2023
AUDIO,802,8/30/2023
BRIDE,803,8/31/2023
SPACE,804,9/1/2023
ONION,805,9/2/2023
AWAIT,806,9/3/2023
GIDDY,807,9/4/2023
BIRCH,808,9/5/2023
GNASH,809,9/6/2023
DWELL,810,9/7/2023
ROUSE,811,9/8/2023
LUCKY,812,9/9/2023
QUOTE,813,9/10/2023
OLDER,814,9/11/2023
WHISK,815,9/12/2023
CLEAR,816,9/13/2023
RAYON,817,9/14/2023
EXERT,818,9/15/2023
ANGEL,819,9/16/2023
MUSIC,820,9/17/2023
FRANK,821,9/18/2023
CLOSE,822,9/19/2023
SNARE,823,9/20/2023
STONE,824,9/21/2023
BRUSH,825,9/22/2023
CAROL,826,9/23/2023
RIGHT,827,9/24/2023
ROCKY,828,9/25/2023
LOYAL,829,9/26/2023
SMILE,830,9/27/2023
COACH,831,9/28/2023
AZURE,832,9/29/2023
DADDY,833,9/30/2023
BERET,834,10/1/2023
MERRY,835,10/2/2023
WHILE,836,10/3/2023
SPURT,837,10/4/2023
BUNCH,838,10/5/2023
CHIME,839,10/6/2023
VIOLA,840,10/7/2023
BINGE,841,10/8/2023
TRUTH,842,10/9/2023
SNAIL,843,10/10/2023
SKUNK,844,10/11/2023
KNELT,845,10/12/2023
UNCLE,846,10/13/2023
AGENT,847,10/14/2023
LEAKY,848,10/15/2023
GRAPH,849,10/16/2023
ADULT,850,10/17/2023
MERCY,851,10/18/2023
SPLAT,852,10/19/2023
OCCUR,853,10/20/2023
SMIRK,854,10/21/2023
GIVEN,855,10/22/2023
TEMPO,856,10/23/2023
CAUSE,857,10/24/2023
RETRY,858,10/25/2023
PIQUE,859,10/26/2023
NOBLE,860,10/27/2023
MASON,861,10/28/2023
PHONY,862,10/29/2023
GRAIL,863,10/30/2023
BLEAK,864,10/31/2023
NOISE,865,11/1/2023
UNTIL,866,11/2/2023
ARDOR,867,11/3/2023
MANIA,868,11/4/2023
FLARE,869,11/5/2023
TRADE,870,11/6/2023
LIMIT,871,11/7/2023
NINJA,872,11/8/2023
GLAZE,873,11/9/2023
LEASH,874,11/10/2023
ACTOR,875,11/11/2023
MEANT,876,11/12/2023
GREEN,877,11/13/2023
SASSY,878,11/14/2023
SIGHT,879,11/15/2023
TRUST,880,11/16/2023
TARDY,881,11/17/2023
THINK,882,11/18/2023
QUEUE,883,11/19/2023
CANDY,884,11/20/2023
PIANO,885,11/21/2023
PIXEL,886,11/22/2023
QUEEN,887,11/23/2023
THROW,888,11/24/2023
GUIDE,889,11/25/2023
SOLID,890,11/26/2023
TAWNY,891,11/27/2023
SCOPE,892,11/28/2023
SUSHI,893,11/29/2023
RESIN,894,11/30/2023
TAKEN,895,12/1/2023
GENRE,896,12/2/2023
ADAPT,897,12/3/2023
WORST,898,12/4/2023
YOUNG,899,12/5/2023
WOMAN,900,12/6/2023
SLEEP,901,12/7/2023
SHARP,902,12/8/2023
SHIFT,903,12/9/2023
CHAIN,904,12/10/2023
HOUSE,905,12/11/2023
THESE,906,12/12/2023
SPENT,907,12/13/2023
WOULD,908,12/14/2023
TOPIC,909,12/15/2023
GLOBE,910,12/16/2023
BACON,911,12/17/2023
FUNNY,912,12/18/2023
TABLE,913,12/19/2023
SMALL,914,12/20/2023
BUILT,915,12/21/2023
TOUCH,916,12/22/2023
SLOPE,917,12/23/2023
GRACE,918,12/24/2023
EVOKE,919,12/25/2023
PHONE,920,12/26/2023
DAISY,921,12/27/2023
LEARN,922,12/28/2023
CHILD,923,12/29/2023
THREE,924,12/30/2023
SALTY,925,12/31/2023
MURAL,926,1/1/2024
AGING,927,1/2/2024
TWIRL,928,1/3/2024
SCANT,929,1/4/2024
LUNGE,930,1/5/2024
CABLE,931,1/6/2024
STONY,932,1/7/2024
FINAL,933,1/8/2024
LINER,934,1/9/2024
THREW,935,1/10/2024
BRIEF,936,1/11/2024
ROUTE,937,1/12/2024
HEARD,938,1/13/2024
DOING,939,1/14/2024
LUNCH,940,1/15/2024
BLOND,941,1/16/2024
COURT,942,1/17/2024
STOLE,943,1/18/2024
THING,944,1/19/2024
LARGE,945,1/20/2024
NORTH,946,1/21/2024
TWEAK,947,1/22/2024
STILL,948,1/23/2024
RELIC,949,1/24/2024
BLOCK,950,1/25/2024
ALOOF,951,1/26/2024
SNAKE,952,1/27/2024
EMBER,953,1/28/2024
LEGGY,954,1/29/2024
EXPEL,955,1/30/2024
BULKY,956,1/31/2024
ALIVE,957,2/1/2024
CLEFT,958,2/2/2024
MICRO,959,2/3/2024
VERGE,960,2/4/2024
REPEL,961,2/5/2024
WHICH,962,2/6/2024
AFTER,963,2/7/2024
PLACE,964,2/8/2024
STIFF,965,2/9/2024
FRIED,966,2/10/2024
NEVER,967,2/11/2024
PASTA,968,2/12/2024
SCRAM,969,2/13/2024
TALON,970,2/14/2024
ASCOT,971,2/15/2024
STASH,972,2/16/2024
PSALM,973,2/17/2024
RIDGE,974,2/18/2024
PRICE,975,2/19/2024
MATCH,976,2/20/2024
BUILD,977,2/21/2024
HEAVY,978,2/22/2024
APART,979,2/23/2024
PIPER,980,2/24/2024
SMITH,981,2/25/2024
OFTEN,982,2/26/2024
SENSE,983,2/27/2024
DEVIL,984,2/28/2024
IMAGE,985,2/29/2024
FORTY,986,3/1/2024
URBAN,987,3/2/2024
STATE,988,3/3/2024
FLAME,989,3/4/2024
HUNCH,990,3/5/2024
TEARY,991,3/6/2024
CLONE,992,3/7/2024
EARLY,993,3/8/2024
CHEER,994,3/9/2024
GRASP,995,3/10/2024
PESKY,996,3/11/2024
HEAVE,997,3/12/2024
LOCAL,998,3/13/2024
SINCE,999,3/14/2024
ERUPT,1000,3/15/2024
TOXIN,1001,3/16/2024
SNORT,1002,3/17/2024
SPELT,1003,3/18/2024
ABIDE,1004,3/19/2024
LINGO,1005,3/20/2024
SHADE,1006,3/21/2024
DECAY,1007,3/22/2024
RISEN,1008,3/23/2024
TOWEL,1009,3/24/2024
SALLY,1010,3/25/2024
MAYOR,1011,3/26/2024
STUNG,1012,3/27/2024
SPEAK,1013,3/28/2024
REALM,1014,3/29/2024
FORCE,1015,3/30/2024
TABOO,1016,3/31/2024
FROND,1017,4/1/2024
SERUM,1018,4/2/2024
PLAIT,1019,4/3/2024
CLIMB,1020,4/4/2024
WRIST,1021,4/5/2024
FINCH,1022,4/6/2024
VOILA,1023,4/7/2024
BREED,1024,4/8/2024
MERGE,1025,4/9/2024
BROTH,1026,4/10/2024
LOUSE,1027,4/11/2024
WHINY,1028,4/12/2024
STEEL,1029,4/13/2024
BLIMP,1030,4/14/2024
EQUIP,1031,4/15/2024
SHANK,1032,4/16/2024
TITHE,1033,4/17/2024
FACET,1034,4/18/2024
RAISE,1035,4/19/2024
LUCID,1036,4/20/2024
JOLLY,1037,4/21/2024
LASER,1038,4/22/2024
ROVER,1039,4/23/2024
OVERT,1040,4/24/2024
INTRO,1041,4/25/2024
VAPID,1042,4/26/2024
GLEAM,1043,4/27/2024
PRUNE,1044,4/28/2024
CRAFT,1045,4/29/2024
PROWL,1046,4/30/2024
DIARY,1047,5/1/2024
SLICE,1048,5/2/2024
EBONY,1049,5/3/2024
VALUE,1050,5/4/2024
DECAL,1051,5/5/2024
SHAVE,1052,5/6/2024
MUSTY,1053,5/7/2024
PIOUS,1054,5/8/2024
JERKY,1055,5/9/2024
MEDIA,1056,5/10/2024
TIDAL,1057,5/11/2024
OUTER,1058,5/12/2024
CUMIN,1059,5/13/2024
AMASS,1060,5/14/2024
PINCH,1061,5/15/2024
STALL,1062,5/16/2024
TUTOR,1063,5/17/2024
BRINY,1064,5/18/2024
HITCH,1065,5/19/2024
NICER,1066,5/20/2024
DINGO,1067,5/21/2024
EXALT,1068,5/22/2024
SWISH,1069,5/23/2024
GLIDE,1070,5/24/2024
TITAN,1071,5/25/2024
BEVEL,1072,5/26/2024
SKIER,1073,5/27/2024
MINUS,1074,5/28/2024
PAPAL,1075,5/29/2024
GUMMY,1076,5/30/2024
CHAOS,1077,5/31/2024
BASIN,1078,6/1/2024
BRAVO,1079,6/2/2024
STARK,1080,6/3/2024
GROOM,1081,6/4/2024
ORGAN,1082,6/5/2024
ETHER,1083,6/6/2024
MELON,1084,6/7/2024
HENCE,1085,6/8/2024
CROWD,1086,6/9/2024
MANGA,1087,6/10/2024
SWUNG,1088,6/11/2024
DETER,1089,6/12/2024
ANGST,1090,6/13/2024
VAULT,1091,6/14/2024
PROUD,1092,6/15/2024
GRIND,1093,6/16/2024
PRIOR,1094,6/17/2024
COVER,1095,6/18/2024
TERSE,1096,6/19/2024
SCENT,1097,6/20/2024
PAINT,1098,6/21/2024
EDICT,1099,6/22/2024
BUGLE,1100,6/23/2024
DOLLY,1101,6/24/2024
SAVOR,1102,6/25/2024
KNEAD,1103,6/26/2024
ORDER,1104,6/27/2024
DROVE,1105,6/28/2024
ZEBRA,1106,6/29/2024
BUDDY,1107,6/30/2024
ADAGE,1108,7/1/2024
INLAY,1109,7/2/2024
THIGH,1110,7/3/2024
DEBUT,1111,7/4/2024
CRUSH,1112,7/5/2024
SCOFF,1113,7/6/2024
CANON,1114,7/7/2024
SHAPE,1115,7/8/2024
BLARE,1116,7/9/2024
GAUNT,1117,7/10/2024
CAMEO,1118,7/11/2024
JIFFY,1119,7/12/2024
ENACT,1120,7/13/2024
VIDEO,1121,7/14/2024
SWOON,1122,7/15/2024
DECOY,1123,7/16/2024
QUITE,1124,7/17/2024
NERDY,1125,7/18/2024
REFER,1126,7/19/2024
SHAFT,1127,7/20/2024
SPECK,1128,7/21/2024
CADET,1129,7/22/2024
PRONG,1130,7/23/2024
FORTE,1131,7/24/2024
PORCH,1132,7/25/2024
AWASH,1133,7/26/2024
JUICE,1134,7/27/2024
SMOCK,1135,7/28/2024
SUPER,1136,7/29/2024
FERAL,1137,7/30/2024
PENNE,1138,7/31/2024
CHALK,1139,8/1/2024
FLAKE,1140,8/2/2024
SCALE,1141,8/3/2024
LOWER,1142,8/4/2024
ENSUE,1143,8/5/2024
ANVIL,1144,8/6/2024
MACAW,1145,8/7/2024
SAUCY,1146,8/8/2024
OUNCE,1147,8/9/2024
MEDIC,1148,8/10/2024
SCONE,1149,8/11/2024
SKIFF,1150,8/12/2024
NEIGH,1151,8/13/2024
SHORE,1152,8/14/2024
ACORN,1153,8/15/2024
BRACE,1154,8/16/2024
STORM,1155,8/17/2024
LANKY,1156,8/18/2024
METER,1157,8/19/2024
DELAY,1158,8/20/2024
MULCH,1159,8/21/2024
BRUTE,1160,8/22/2024
LEECH,1161,8/23/2024
FILET,1162,8/24/2024
SKATE,1163,8/25/2024
STAKE,1164,8/26/2024
CROWN,1165,8/27/2024
LITHE,1166,8/28/2024
FLUNK,1167,8/29/2024
KNAVE,1168,8/30/2024
SPOUT,1169,8/31/2024
MUSHY,1170,9/1/2024
CAMEL,1171,9/2/2024
FAINT,1172,9/3/2024
STERN,1173,9/4/2024
WIDEN,1174,9/5/2024
RERUN,1175,9/6/2024
OWNER,1176,9/7/2024
DRAWN,1177,9/8/2024
DEBIT,1178,9/9/2024
REBEL,1179,9/10/2024
AISLE,1180,9/11/2024
BRASS,1181,9/12/2024
HARSH,1182,9/13/2024
BROAD,1183,9/14/2024
RECUR,1184,9/15/2024
HONEY,1185,9/16/2024
BEAUT,1186,9/17/2024
FULLY,1187,9/18/2024
PRESS,1188,9/19/2024
SMOKE,1189,9/20/2024
SEVEN,1190,9/21/2024
TEACH,1191,9/22/2024
STEAM,1192,9/23/2024
HANDY,1193,9/24/2024
TORCH,1194,9/25/2024
THANK,1195,9/26/2024
FAITH,1196,9/27/2024
BRAIN,1197,9/28/2024
RIDER,1198,9/29/2024
CLOUD,1199,9/30/2024
MODEM,1200,10/1/2024
SHELL,1201,10/2/2024
WAGON,1202,10/3/2024
TITLE,1203,10/4/2024
MINER,1204,10/5/2024
LAGER,1205,10/6/2024
FLOUR,1206,10/7/2024
JOINT,1207,10/8/2024
MOMMY,1208,10/9/2024
CARVE,1209,10/10/2024
GUSTY,1210,10/11/2024
STAIN,1211,10/12/2024
PRONE,1212,10/13/2024
GAMUT,1213,10/14/2024
CORER,1214,10/15/2024
GRANT,1215,10/16/2024
HALVE,1216,10/17/2024
STINT,1217,10/18/2024
FIBER,1218,10/19/2024
DICEY,1219,10/20/2024
SPOON,1220,10/21/2024
SHOUT,1221,10/22/2024
GOOFY,1222,10/23/2024
BOSSY,1223,10/24/2024
FROWN,1224,10/25/2024
WREAK,1225,10/26/2024
SANDY,1226,10/27/2024
BAWDY,1227,10/28/2024
TUNIC,1228,10/29/2024
EASEL,1229,10/30/2024
WEIRD,1230,10/31/2024
SIXTH,1231,11/1/2024
SNOOP,1232,11/2/2024
BLAZE,1233,11/3/2024
VINYL,1234,11/4/2024
OCTET,1235,11/5/2024
TRULY,1236,11/6/2024
EVENT,1237,11/7/2024
READY,1238,11/8/2024
SWELL,1239,11/9/2024
INNER,1240,11/10/2024
STOIC,1241,11/11/2024
FLOWN,1242,11/12/2024
PRIMP,1243,11/13/2024
UVULA,1244,11/14/2024
TACKY,1245,11/15/2024
VISOR,1246,11/16/2024
TALLY,1247,11/17/2024
FRAIL,1248,11/18/2024
GOING,1249,11/19/2024
NICHE,1250,11/20/2024
SPINE,1251,11/21/2024
PEARL,1252,11/22/2024
JELLY,1253,11/23/2024
TWIST,1254,11/24/2024
BROWN,1255,11/25/2024
WITCH,1256,11/26/2024
SLANG,1257,11/27/2024
CHOCK,1258,11/28/2024
HIPPO,1259,11/29/2024
DOGMA,1260,11/30/2024
MAUVE,1261,12/1/2024
GUILE,1262,12/2/2024
SHAKY,1263,12/3/2024
CRYPT,1264,12/4/2024
ENDOW,1265,12/5/2024
SHOVE,1266,12/6/2024
HILLY,1267,12/7/2024
HYENA,1268,12/8/2024
FLUNG,1269,12/9/2024
PATIO,1270,12/10/2024
PLUMB,1271,12/11/2024
VYING,1272,12/12/2024
BOXER,1273,12/13/2024
DROOL,1274,12/14/2024
FUNKY,1275,12/15/2024
BOAST,1276,12/16/2024
SCOWL,1277,12/17/2024
HEFTY,1278,12/18/2024
STRAY,1279,12/19/2024
FLASH,1280,12/20/2024
BLADE,1281,12/21/2024
BRAWN,1282,12/22/2024
SAUNA,1283,12/23/2024
EAGLE,1284,12/24/2024
SHARE,1285,12/25/2024
AFFIX,1286,12/26/2024
GRAIN,1287,12/27/2024
DECRY,1288,12/28/2024
MAMBO,1289,12/29/2024
STARE,1290,12/30/2024
LEMUR,1291,12/31/2024
NERVE,1292,1/1/2025
CHOSE,1293,1/2/2025
CHEAP,1294,1/3/2025
RELAX,1295,1/4/2025
CYBER,1296,1/5/2025
SPRIG,1297,1/6/2025
ATLAS,1298,1/7/2025
DRAFT,1299,1/8/2025
WAFER,1300,1/9/2025
CRAWL,1301,1/10/2025
DINGY,1302,1/11/2025
TOTAL,1303,1/12/2025
CLOAK,1304,1/13/2025
FANCY,1305,1/14/2025
KNACK,1306,1/15/2025
FLINT,1307,1/16/2025
PROSE,1308,1/17/2025
SILLY,1309,1/18/2025
ROWER,1310,1/19/2025
SQUID,1311,1/20/2025
ICING,1312,1/21/2025
REACH,1313,1/22/2025
UPPER,1314,1/23/2025
CREPE,1315,1/24/2025
CRISP,1316,1/25/2025
SUNNY,1317,1/26/2025
SHUNT,1318,1/27/2025
FEVER,1319,1/28/2025
UDDER,1320,1/29/2025
FALSE,1321,1/30/2025
TOAST,1322,1/31/2025
RIVET,1323,2/1/2025
CHORE,1324,2/2/2025
REVUE,1325,2/3/2025
TOOTH,1326,2/4/2025
PEDAL,1327,2/5/2025
PUPIL,1328,2/6/2025
SWATH,1329,2/7/2025
STEEP,1330,2/8/2025
BONUS,1331,2/9/2025
GOODY,1332,2/10/2025
SCORE,1333,2/11/2025
RAPID,1334,2/12/2025
RUMBA,1335,2/13/2025
DITTY,1336,2/14/2025
CROOK,1337,2/15/2025
SUAVE,1338,2/16/2025
TRAIL,1339,2/17/2025
INDIE,1340,2/18/2025
MADLY,1341,2/19/2025
ROACH,1342,2/20/2025
CLOVE,1343,2/21/2025
CREAM,1344,2/22/2025
OTTER,1345,2/23/2025
GLAND,1346,2/24/2025
DRYER,1347,2/25/2025
AWARD,1348,2/26/2025
LODGE,1349,2/27/2025
FUZZY,1350,2/28/2025
HOVER,1351,3/1/2025
DEITY,1352,3/2/2025
SPEAR,1353,3/3/2025
CHECK,1354,3/4/2025
SCRUM,1355,3/5/2025
ALERT,1356,3/6/2025
TROOP,1357,3/7/2025
NAVEL,1358,3/8/2025
GREED,1359,3/9/2025
SPITE,1360,3/10/2025
TRACK,1361,3/11/2025
MANGO,1362,3/12/2025
CHASE,1363,3/13/2025
PIECE,1364,3/14/2025
LADLE,1365,3/15/2025
STAMP,1366,3/16/2025
LASSO,1367,3/17/2025
TIMER,1368,3/18/2025
SPARK,1369,3/19/2025
BASTE,1370,3/20/2025
NUDGE,1371,3/21/2025
AMBLE,1372,3/22/2025
DOPEY,1373,3/23/2025
ANGLE,1374,3/24/2025
SHELF,1375,3/25/2025
ELBOW,1376,3/26/2025
SHEET,1377,3/27/2025
VERSE,1378,3/28/2025
SORRY,1379,3/29/2025
QUOTA,1380,3/30/2025
BOOTY,1381,3/31/2025
JEWEL,1382,4/1/2025
CURSE,1383,4/2/2025
SHEAR,1384,4/3/2025
KRILL,1385,4/4/2025
FOAMY,1386,4/5/2025
VILLA,1387,4/6/2025
HAZEL,1388,4/7/2025
SPARE,1389,4/8/2025
WHEAT,1390,4/9/2025
TURBO,1391,4/10/2025
ARROW,1392,4/11/2025
NURSE,1393,4/12/2025
LAUGH,1394,4/13/2025
CREST,1395,4/14/2025
ASHEN,1396,4/15/2025
MORAL,1397,4/16/2025
STOOD,1398,4/17/2025
DIRGE,1399,4/18/2025
INBOX,1400,4/19/2025
PATCH,1401,4/20/2025
SPATE,1402,4/21/2025
ARTSY,1403,4/22/2025
OZONE,1404,4/23/2025
GENIE,1405,4/24/2025
KNOWN,1406,4/25/2025
CLASH,1407,4/26/2025
WEEDY,1408,4/27/2025
DUMMY,1409,4/28/2025
BLISS,1410,4/29/2025
IDLER,1411,4/30/2025
ADEPT,1412,5/1/2025
WHOSE,1413,5/2/2025
PATSY,1414,5/3/2025
TROUT,1415,5/4/2025
SHUSH,1416,5/5/2025
SUITE,1417,5/6/2025
MACHO,1418,5/7/2025
BALMY,1419,5/8/2025
TRIPE,1420,5/9/2025
YEAST,1421,5/10/2025
DOWEL,1422,5/11/2025
BICEP,1423,5/12/2025
AWARE,1424,5/13/2025
BONGO,1425,5/14/2025
EAGER,1426,5/15/2025
FIFTH,1427,5/16/2025
GROWN,1428,5/17/2025
LIVID,1429,5/18/2025
PITCH,1430,5/19/2025
BORNE,1431,5/20/2025
ALARM,1432,5/21/2025
FOLIO,1433,5/22/2025
SHUCK,1434,5/23/2025
SUEDE,1435,5/24/2025
GRIFT,1436,5/25/2025
DRONE,1437,5/26/2025
SPORT,1438,5/27/2025
POLAR,1439,5/28/2025
QUASH,1440,5/29/2025
IDIOM,1441,5/30/2025
HABIT,1442,5/31/2025
ROUGH,1443,6/1/2025
PREEN,1444,6/2/2025
ADMIN,1445,6/3/2025
CEASE,1446,6/4/2025
DATUM,1447,6/5/2025
EDIFY,1448,6/6/2025
REUSE,1449,6/7/2025
LEASE,1450,6/8/2025
BOARD,1451,6/9/2025
TAFFY,1452,6/10/2025
PLAID,1453,6/11/2025
VIXEN,1454,6/12/2025
BILGE,1455,6/13/2025
GHOST,1456,6/14/2025
QUAIL,1457,6/15/2025
PETTY,1458,6/16/2025
PRANK,1459,6/17/2025
MUNCH,1460,6/18/2025
CURIO,1461,6/19/2025
TAUPE,1462,6/20/2025
GLADE,1463,6/21/2025
THRUM,1464,6/22/2025
ODDLY,1465,6/23/2025
ELITE,1466,6/24/2025
COMFY,1467,6/25/2025
OFFER,1468,6/26/2025
PLAIN,1469,6/27/2025
STUMP,1470,6/28/2025
WITTY,1471,6/29/2025
BLINK,1472,6/30/2025
MOLDY,1473,7/1/2025
INCUR,1474,7/2/2025
POPPY,1475,7/3/2025
CURVE,1476,7/4/2025
BALER,1477,7/5/2025
ATRIA,1478,7/6/2025
STILT,1479,7/7/2025
DREAD,1480,7/8/2025
NOVEL,1481,7/9/2025
JUMPY,1482,7/10/2025
BRAND,1483,7/11/2025
EXILE,1484,7/12/2025
GNOME,1485,7/13/2025
UNDID,1486,7/14/2025
FOIST,1487,7/15/2025
NERVY,1488,7/16/2025
MODAL,1489,7/17/2025
LORIS,1490,7/18/2025
SWORD,1491,7/19/2025
BLANK,1492,7/20/2025
TIZZY,1493,7/21/2025
BURNT,1494,7/22/2025
WATER,1495,7/23/2025
QUAKE,1496,7/24/2025
GOFER,1497,7/25/2025
HAUNT,1498,7/26/2025
WHOLE,1499,7/27/2025
SAVVY,1500,7/28/2025
OMEGA,1501,7/29/2025
ASSAY,1502,7/30/2025
FRILL,1503,7/31/2025
BANJO,1504,8/1/2025
DAUNT,1505,8/2/2025
LUMPY,1506,8/3/2025
RIGID,1507,8/4/2025
STORK,1508,8/5/2025
GROAN,1509,8/6/2025
CORAL,1510,8/7/2025
IMBUE,1511,8/8/2025
NASAL,1512,8/9/2025
MINTY,1513,8/10/2025
SOUTH,1514,8/11/2025
NOMAD,1515,8/12/2025
KEFIR,1516,8/13/2025
KNELL,1517,8/14/2025
LEVEL,1518,8/15/2025
MATTE,1519,8/16/2025
LOUSY,1520,8/17/2025
ISSUE,1521,8/18/2025
ROWDY,1522,8/19/2025
LLAMA,1523,8/20/2025
EXTOL,1524,8/21/2025
RATTY,1525,8/22/2025
UNION,1526,8/23/2025
SPORE,1527,8/24/2025
MIRTH,1528,8/25/2025
ANNEX,1529,8/26/2025
TOWER,1530,8/27/2025
SPLIT,1531,8/28/2025
GRAFT,1532,8/29/2025
ELATE,1533,8/30/2025
PETAL,1534,8/31/2025
LEAST,1535,9/1/2025
MIGHT,1536,9/2/2025
FETCH,1537,9/3/2025
BLEND,1538,9/4/2025
DRIFT,1539,9/5/2025
BULGE,1540,9/6/2025
TENOR,1541,9/7/2025
CHIRP,1542,9/8/2025
TRICK,1543,9/9/2025
POUTY,1544,9/10/2025
CHAIR,1545,9/11/2025
THROB,1546,9/12/2025
NADIR,1547,9/13/2025
NOISY,1548,9/14/2025
ALONG,1549,9/15/2025
LEFTY,1550,9/16/2025
TEETH,1551,9/17/2025
KNIFE,1552,9/18/2025
LATER,1553,9/19/2025
DEFER,1554,9/20/2025
COVEN,1555,9/21/2025
QUILL,1556,9/22/2025
MOUTH,1557,9/23/2025
BLUNT,1558,9/24/2025
DRAPE,1559,9/25/2025
DALLY,1560,9/26/2025
FRITZ,1561,9/27/2025
GOOEY,1562,9/28/2025
CIVIL,1563,9/29/2025
GEESE,1564,9/30/2025
SPOIL,1565,10/1/2025
WIDTH,1566,10/2/2025
SPASM,1567,10/3/2025
RELAY,1568,10/4/2025
PLANE,1569,10/5/2025
AMUSE,1570,10/6/2025
NYLON,1571,10/7/2025
ANNOY,1572,10/8/2025
HARDY,1573,10/9/2025
LEVER,1574,10/10/2025
STACK,1575,10/11/2025
WOUND,1576,10/12/2025
BEARD,1577,10/13/2025
FORUM,1578,10/14/2025
SPOOF,1579,10/15/2025
CATTY,1580,10/16/2025
GROSS,1581,10/17/2025
HAVEN,1582,10/18/2025
IDEAL,1583,10/19/2025
LIMBO,1584,10/20/2025
DETOX,1585,10/21/2025
STUNT,1586,10/22/2025
DRILL,1587,10/23/2025
TUBER,1588,10/24/2025
GAUGE,1589,10/25/2025
PLUMP,1590,10/26/2025
FETID,1591,10/27/2025
HOLLY,1592,10/28/2025
GLARE,1593,10/29/2025
LATHE,1594,10/30/2025
ABHOR,1595,10/31/2025
MOTEL,1596,11/1/2025
RABID,1597,11/2/2025
AWOKE,1598,11/3/2025
VENUE,1599,11/4/2025
SHORT,1600,11/5/2025
GUISE,1601,11/6/2025
PERIL,1602,11/7/2025
ARISE,1603,11/8/2025
FUGUE,1604,11/9/2025
TABBY,1605,11/10/2025
GIZMO,1606,11/11/2025
DEUCE,1607,11/12/2025
TINGE,1608,11/13/2025
LURID,1609,11/14/2025
CLUNG,1610,11/15/2025
WIELD,1611,11/16/2025
CLAMP,1612,11/17/2025
OPINE,1613,11/18/2025
MAKER,1614,11/19/2025
GRAVE,1615,11/20/2025
VOWEL,1616,11/21/2025
THICK,1617,11/22/2025
BUNNY,1618,11/23/2025
DOUGH,1619,11/24/2025
PLEAD,1620,11/25/2025
HOVEL,1621,11/26/2025
REMIT,1622,11/27/2025
COLIC,1623,11/28/2025
GRUFF,1624,11/29/2025
MUGGY,1625,11/30/2025
LEACH,1626,12/1/2025
CACTI,1627,12/2/2025
HASTE,1628,12/3/2025
TULIP,1629,12/4/2025
AMONG,1630,12/5/2025
WAIST,1631,12/6/2025
FLUTE,1632,12/7/2025
GRAVY,1633,12/8/2025
SNIDE,1634,12/9/2025
ERASE,1635,12/10/2025
GUESS,1636,12/11/2025
TRUCK,1637,12/12/2025
MISER,1638,12/13/2025
SWING,1639,12/14/2025
DODGY,1640,12/15/2025
SEGUE,1641,12/16/2025
GRASS,1642,12/17/2025
RUGBY,1643,12/18/2025
MYRRH,1644,12/19/2025
WHITE,1645,12/20/2025
QUILT,1646,12/21/2025
CONCH,1647,12/22/2025
GLINT,1648,12/23/2025
SPOOL,1649,12/24/2025
